1,3D还原梨泰院踩踏事故过程,https://s.weibo.com/weibo?q=%233D还原梨泰院踩踏事故过程%23&topic_ad=
2,广州新增本土确诊232例无症状295例,https://s.weibo.com/weibo?q=%23广州新增本土确诊232例无症状295例%23&topic_ad=
3,飞天圆梦,https://s.weibo.com/weibo?q=%23飞天圆梦%23&topic_ad=
3,一到双11就变甜,https://s.weibo.com/weibo?q=%23一到双11就变甜%23&topic_ad=
4,19岁女孩梨泰院见将服兵役男友遇难,https://s.weibo.com/weibo?q=%2319岁女孩梨泰院见将服兵役男友遇难%23&topic_ad=
5,重庆32岁美女学霸多次相亲未成功,https://s.weibo.com/weibo?q=%23重庆32岁美女学霸多次相亲未成功%23&topic_ad=
6,富士康员工发声,https://s.weibo.com/weibo?q=%23富士康员工发声%23&topic_ad=
6,王鹤棣的Sabon一刻,https://s.weibo.com/weibo?q=%23王鹤棣的Sabon一刻%23&topic_ad=
7,韩踩踏事故5米长的斜坡挤了300多人,https://s.weibo.com/weibo?q=%23韩踩踏事故5米长的斜坡挤了300多人%23&topic_ad=
8,学信网崩了,https://s.weibo.com/weibo?q=%23学信网崩了%23&topic_ad=
9,董宇辉山东行直播被陌生女子泼水,https://s.weibo.com/weibo?q=%23董宇辉山东行直播被陌生女子泼水%23&topic_ad=
10,梨泰院,https://s.weibo.com/weibo?q=%23梨泰院%23&topic_ad=
11,李智汉遇难,https://s.weibo.com/weibo?q=%23李智汉遇难%23&topic_ad=
12,Faker和Deft决赛相遇,https://s.weibo.com/weibo?q=%23Faker和Deft决赛相遇%23&topic_ad=
13,韩警方已取得现场监控视频,https://s.weibo.com/weibo?q=%23韩警方已取得现场监控视频%23&topic_ad=
14,奔跑吧共富篇定档11月4日,https://s.weibo.com/weibo?q=%23奔跑吧共富篇定档11月4日%23&topic_ad=
15,MateXs2支持北斗卫星消息,https://s.weibo.com/weibo?q=%23MateXs2支持北斗卫星消息%23&topic_ad=
16,中国留学生称曾收到陌生人糖果没吃,https://s.weibo.com/weibo?q=%23中国留学生称曾收到陌生人糖果没吃%23&topic_ad=
17,电影坠落确认引进,https://s.weibo.com/weibo?q=%23电影坠落确认引进%23&topic_ad=
18,去迪士尼千万不要扮灰姑娘,https://s.weibo.com/weibo?q=%23去迪士尼千万不要扮灰姑娘%23&topic_ad=
19,杨幂白宇新剧角色适配度,https://s.weibo.com/weibo?q=%23杨幂白宇新剧角色适配度%23&topic_ad=
20,日本东京涩谷加强安保谨防踩踏事件发生,https://s.weibo.com/weibo?q=%23日本东京涩谷加强安保谨防踩踏事件发生%23&topic_ad=
21,富士康,https://s.weibo.com/weibo?q=%23富士康%23&topic_ad=
22,疯狂动物城衍生剧预告,https://s.weibo.com/weibo?q=%23疯狂动物城衍生剧预告%23&topic_ad=
23,chovy,https://s.weibo.com/weibo?q=%23chovy%23&topic_ad=
24,Deft的最后一舞,https://s.weibo.com/weibo?q=%23Deft的最后一舞%23&topic_ad=
25,中国空间站又要扩容了,https://s.weibo.com/weibo?q=%23中国空间站又要扩容了%23&topic_ad=
26,贺峻霖惦记了很久终于能发的图片,https://s.weibo.com/weibo?q=%23贺峻霖惦记了很久终于能发的图片%23&topic_ad=
27,北京昨增本土确诊16例,https://s.weibo.com/weibo?q=%23北京昨增本土确诊16例%23&topic_ad=
28,唐朝诡事录收官团建,https://s.weibo.com/weibo?q=%23唐朝诡事录收官团建%23&topic_ad=
29,宝爸睡迷糊错把被子当女儿,https://s.weibo.com/weibo?q=%23宝爸睡迷糊错把被子当女儿%23&topic_ad=
30,王一博反转暖心短片,https://s.weibo.com/weibo?q=%23王一博反转暖心短片%23&topic_ad=
31,沈阳疫情防控,https://s.weibo.com/weibo?q=%23沈阳疫情防控%23&topic_ad=
32,在韩留学生万幸决定当晚提前离开,https://s.weibo.com/weibo?q=%23在韩留学生万幸决定当晚提前离开%23&topic_ad=
33,印度一座拉索桥断裂坍塌,https://s.weibo.com/weibo?q=%23印度一座拉索桥断裂坍塌%23&topic_ad=
34,95后小伙花2万装修入住毛坯房,https://s.weibo.com/weibo?q=%2395后小伙花2万装修入住毛坯房%23&topic_ad=
35,妈妈用20本日记唤醒植物人女儿,https://s.weibo.com/weibo?q=%23妈妈用20本日记唤醒植物人女儿%23&topic_ad=
36,女孩凌晨走失民警联系家长被拒三次,https://s.weibo.com/weibo?q=%23女孩凌晨走失民警联系家长被拒三次%23&topic_ad=
37,谭松韵告别李妍,https://s.weibo.com/weibo?q=%23谭松韵告别李妍%23&topic_ad=
38,郑州富士康员工发声厂区现状,https://s.weibo.com/weibo?q=%23郑州富士康员工发声厂区现状%23&topic_ad=
39,郑州富士康党委书记苏东霞回应发文,https://s.weibo.com/weibo?q=%23郑州富士康党委书记苏东霞回应发文%23&topic_ad=
40,欧阳震华晒最喜欢的表情包,https://s.weibo.com/weibo?q=%23欧阳震华晒最喜欢的表情包%23&topic_ad=
41,醉驾男抢黄灯撞伤闯红灯女子获刑,https://s.weibo.com/weibo?q=%23醉驾男抢黄灯撞伤闯红灯女子获刑%23&topic_ad=
42,严浩翔的低音,https://s.weibo.com/weibo?q=%23严浩翔的低音%23&topic_ad=
43,掘金vs湖人,https://s.weibo.com/weibo?q=%23掘金vs湖人%23&topic_ad=
44,怎么会有人又年轻又老成,https://s.weibo.com/weibo?q=%23怎么会有人又年轻又老成%23&topic_ad=
45,10月30日新增本土无症状2220例,https://s.weibo.com/weibo?q=%2310月30日新增本土无症状2220例%23&topic_ad=
46,DRX晋级决赛,https://s.weibo.com/weibo?q=%23DRX晋级决赛%23&topic_ad=
47,鼓励驾校先培训后付费,https://s.weibo.com/weibo?q=%23鼓励驾校先培训后付费%23&topic_ad=
48,蔡文静彭冠英演情侣好危险,https://s.weibo.com/weibo?q=%23蔡文静彭冠英演情侣好危险%23&topic_ad=
49,和朋友话最少的一次见面,https://s.weibo.com/weibo?q=%23和朋友话最少的一次见面%23&topic_ad=
50,GEN止步S12四强,https://s.weibo.com/weibo?q=%23GEN止步S12四强%23&topic_ad=
